{
    "Wu": [
        [
            -0.18907363712787628
        ],
        [
            0.17695856094360352
        ],
        [
            -0.17005974054336548
        ],
        [
            -0.02003893069922924
        ],
        [
            -0.15030062198638916
        ],
        [
            0.22416947782039642
        ],
        [
            0.2186977118253708
        ],
        [
            -0.1265397071838379
        ],
        [
            0.13268646597862244
        ],
        [
            0.12267725169658661
        ]
    ],
    "Wx": [
        [
            0.2194104939699173,
            0.27524974942207336,
            -0.3467085063457489,
            -0.20111572742462158,
            -0.1849113553762436,
            -0.0038032103329896927,
            0.07651123404502869,
            -0.20225749909877777,
            -0.14411816000938416,
            -0.02931593731045723
        ],
        [
            -0.19914524257183075,
            0.16747801005840302,
            -0.01940050534904003,
            -0.21853867173194885,
            0.3569585382938385,
            -0.13332723081111908,
            -0.27105626463890076,
            0.3476134240627289,
            0.3113418519496918,
            0.04233959689736366
        ],
        [
            -0.1543004810810089,
            -0.21970196068286896,
            0.11978454887866974,
            0.28859785199165344,
            0.2871452271938324,
            -0.1397828757762909,
            -0.4672129154205322,
            0.12453803420066833,
            -0.15198856592178345,
            -0.55762779712677
        ],
        [
            -0.2587907612323761,
            0.22596487402915955,
            0.06220242753624916,
            -0.10096247494220734,
            0.27655863761901855,
            -0.06503031402826309,
            0.11508768051862717,
            0.04918800666928291,
            -0.06016603484749794,
            -0.41461795568466187
        ],
        [
            -0.1405591517686844,
            0.15117959678173065,
            -0.09351252764463425,
            0.18980851769447327,
            0.17159749567508698,
            -0.254448801279068,
            0.06765387207269669,
            0.1377570778131485,
            -0.06765848398208618,
            -0.10093094408512115
        ],
        [
            -0.26449576020240784,
            -0.04450863599777222,
            0.08849551528692245,
            -0.36588478088378906,
            0.17751841247081757,
            0.013945316895842552,
            -0.14571413397789001,
            -0.3322790861129761,
            -0.0636085495352745,
            0.3439348042011261
        ],
        [
            0.29723799228668213,
            -0.22632087767124176,
            -0.040922753512859344,
            -0.2818980813026428,
            -0.2895892560482025,
            0.23721852898597717,
            -0.05830197408795357,
            0.09914544969797134,
            -0.27551379799842834,
            0.04866884648799896
        ],
        [
            -0.11263364553451538,
            -0.189131960272789,
            -0.23348133265972137,
            0.1211749017238617,
            0.19454818964004517,
            -0.2721295952796936,
            -0.15953360497951508,
            0.3065296709537506,
            -0.055624838918447495,
            -0.2672410309314728
        ],
        [
            -0.020725419744849205,
            0.20904548466205597,
            0.3089231550693512,
            0.14446894824504852,
            0.361373633146286,
            0.08866004645824432,
            -0.4514167904853821,
            0.09505373984575272,
            0.28668758273124695,
            -0.05233389511704445
        ],
        [
            0.004643467720597982,
            -0.04332758113741875,
            0.23885171115398407,
            -0.30572426319122314,
            -0.32608065009117126,
            0.3394407629966736,
            -0.18254870176315308,
            -0.3015279769897461,
            -0.2479138970375061,
            0.04768026992678642
        ]
    ],
    "bxu": [
        0.23521512746810913,
        0.22892427444458008,
        0.31605803966522217,
        0.21175053715705872,
        0.006337404251098633,
        -0.09566497057676315,
        -0.03673155605792999,
        -0.2790050804615021,
        0.5380052924156189,
        -0.04933026432991028
    ],
    "b_ih": [
        0.10756467282772064,
        0.2350890338420868,
        -0.02884388342499733,
        0.3005273640155792,
        0.2087114304304123,
        -0.1864052563905716,
        0.15829038619995117,
        -0.15822693705558777,
        0.26946762204170227,
        -0.14795197546482086
    ],
    "b_hh": [
        0.1276504546403885,
        -0.006164765451103449,
        0.3449019193649292,
        -0.0887768343091011,
        -0.20237402617931366,
        0.09074028581380844,
        -0.19502194225788116,
        -0.1207781508564949,
        0.2685376703739166,
        0.09862171113491058
    ],
    "C": [
        [
            0.13668324053287506,
            -0.31658393144607544,
            -0.36396872997283936,
            -0.19316460192203522,
            -0.1284026950597763,
            0.27639880776405334,
            0.3870749771595001,
            -0.30032652616500854,
            -0.11705721169710159,
            0.08870188146829605
        ]
    ],
    "b_y": [
        0.08150958269834518
    ],
    "u_mean": -0.0018277701156940382,
    "u_std": 0.5726249834375675,
    "y_mean": -9.785419181281858,
    "y_std": 12.394674533355728
}